City,Latitude,Longitude,Max Temp,Humidity,Cloudiness,Wind Speed,Country,Date
turukhansk,65.8167,87.9833,-9.09,98.0,100.0,4.18,RU,2021-04-17 01:04:19
puerto ayora,-0.7393,-90.3518,75.99,97.0,88.0,1.99,EC,2021-04-17 01:04:19
ponta do sol,32.6667,-17.1,60.01,72.0,6.0,1.01,PT,2021-04-17 01:04:20
san lazaro,18.0387,-88.6622,82.4,74.0,40.0,13.8,BZ,2021-04-17 01:04:21
shenjiamen,29.9576,122.298,60.8,81.0,98.0,15.32,CN,2021-04-17 01:04:21
kruisfontein,-34.0033,24.7314,53.01,78.0,0.0,1.01,ZA,2021-04-17 01:04:22
batagay,67.6333,134.6333,20.66,79.0,100.0,10.51,RU,2021-04-17 01:04:22
iqaluit,63.7506,-68.5145,14.0,73.0,75.0,16.11,CA,2021-04-17 01:01:14
pisco,-13.7,-76.2167,68.0,83.0,0.0,8.05,PE,2021-04-17 01:04:23
kamenka,51.3223,42.7678,53.01,55.0,43.0,5.41,RU,2021-04-17 01:01:03
sao joao da barra,-21.6403,-41.0511,73.17,79.0,9.0,9.13,BR,2021-04-17 01:04:25
punta arenas,-53.15,-70.9167,46.4,81.0,75.0,24.16,CL,2021-04-17 01:00:22
ruidoso,33.3317,-105.673,50.0,23.0,75.0,17.27,US,2021-04-17 01:04:26
rikitea,-23.1203,-134.9692,77.38,71.0,100.0,10.27,PF,2021-04-17 01:04:26
bathsheba,13.2167,-59.5167,80.6,65.0,40.0,18.41,BB,2021-04-17 01:04:27
zapolyarnyy,69.4154,30.8136,37.4,81.0,90.0,20.71,RU,2021-04-17 01:04:27
busselton,-33.65,115.3333,64.0,72.0,8.0,1.01,AU,2021-04-17 01:04:28
carnarvon,-24.8667,113.6333,78.78,37.0,0.0,10.83,AU,2021-04-17 00:58:43
kapaa,22.0752,-159.319,75.2,69.0,90.0,9.22,US,2021-04-17 01:04:30
albany,42.6001,-73.9662,41.0,79.0,98.0,6.96,US,2021-04-17 01:01:00
diego de almagro,-26.3667,-70.05,60.51,54.0,0.0,1.3,CL,2021-04-17 01:04:31
thompson,55.7435,-97.8558,48.2,34.0,20.0,12.66,CA,2021-04-17 01:04:26
bubaque,11.2833,-15.8333,76.8,75.0,48.0,17.87,GW,2021-04-17 01:04:32
dikson,73.5069,80.5464,-8.41,100.0,100.0,3.65,RU,2021-04-17 01:04:33
ushuaia,-54.8,-68.3,42.8,75.0,75.0,6.91,AR,2021-04-17 01:04:04
fabriano,43.3406,12.9073,41.0,66.0,100.0,7.0,IT,2021-04-17 01:04:34
puerto escondido,15.85,-97.0667,80.6,74.0,40.0,11.5,MX,2021-04-17 00:59:49
port elizabeth,-33.918,25.5701,60.8,72.0,0.0,14.97,ZA,2021-04-17 01:01:38
vaini,-21.2,-175.2,80.6,69.0,20.0,4.61,TO,2021-04-17 01:04:36
vestmanna,62.1564,-7.1664,44.6,100.0,75.0,10.36,FO,2021-04-17 01:04:36
lalibela,12.0333,39.0333,57.56,72.0,99.0,3.11,ET,2021-04-17 01:04:37
barrow,71.2906,-156.7887,23.0,80.0,90.0,11.5,US,2021-04-17 01:03:17
manggar,-2.8833,108.2667,83.77,71.0,100.0,8.19,ID,2021-04-17 01:04:38
bluff,-46.6,168.3333,55.0,65.0,99.0,8.01,NZ,2021-04-17 01:04:39
kajaani,64.2273,27.7285,24.8,93.0,0.0,2.3,FI,2021-04-17 01:04:39
guerrero negro,27.9769,-114.0611,61.21,69.0,0.0,25.01,MX,2021-04-17 01:02:02
hervey bay,-25.2986,152.8535,81.0,58.0,4.0,1.01,AU,2021-04-17 01:00:49
flin flon,54.7682,-101.865,39.02,83.0,13.0,0.4,CA,2021-04-17 01:00:17
severo-kurilsk,50.6789,156.125,35.2,65.0,42.0,10.11,RU,2021-04-17 01:04:41
cape town,-33.9258,18.4232,64.99,77.0,0.0,1.14,ZA,2021-04-17 01:04:42
carutapera,-1.195,-46.02,75.88,93.0,100.0,6.13,BR,2021-04-17 01:04:42
sitka,57.0531,-135.33,48.2,76.0,75.0,3.44,US,2021-04-17 01:01:13
hithadhoo,-0.6,73.0833,81.45,63.0,51.0,3.56,MV,2021-04-17 01:04:44
hobart,-42.8794,147.3294,63.0,55.0,75.0,13.8,AU,2021-04-17 01:02:04
moyale,3.5167,39.0584,67.17,80.0,14.0,0.54,KE,2021-04-17 01:02:15
nantucket,41.2835,-70.0995,39.2,93.0,90.0,19.57,US,2021-04-17 01:03:10
ribeira grande,38.5167,-28.7,63.07,96.0,88.0,16.55,PT,2021-04-17 01:04:46
payo,-3.7508,103.6372,74.68,97.0,100.0,0.58,ID,2021-04-17 01:04:47
fortuna,40.5982,-124.1573,57.0,87.0,1.0,12.66,US,2021-04-17 01:04:48
nome,64.5011,-165.4064,30.99,93.0,90.0,6.91,US,2021-04-17 01:04:48
khatanga,71.9667,102.5,10.17,92.0,100.0,9.89,RU,2021-04-17 01:04:49
yellowknife,62.456,-114.3525,46.4,46.0,40.0,11.5,CA,2021-04-17 01:00:10
husavik,66.0449,-17.3389,39.2,60.0,0.0,11.5,IS,2021-04-17 01:01:23
ulladulla,-35.35,150.4667,61.0,72.0,100.0,4.61,AU,2021-04-17 01:00:45
hasaki,35.7333,140.8333,64.0,67.0,75.0,13.8,JP,2021-04-17 01:01:31
comodoro rivadavia,-45.8667,-67.5,59.0,51.0,0.0,8.05,AR,2021-04-17 00:59:57
tuatapere,-46.1333,167.6833,55.0,65.0,89.0,8.01,NZ,2021-04-17 01:04:52
okha,53.5739,142.9478,32.76,98.0,89.0,8.25,RU,2021-04-17 01:04:52
fort-shevchenko,44.5086,50.263,52.12,73.0,7.0,3.96,KZ,2021-04-17 01:04:53
torbay,47.6666,-52.7314,33.01,93.0,90.0,17.27,CA,2021-04-17 01:04:53
georgetown,5.4112,100.3354,78.8,89.0,40.0,8.05,MY,2021-04-17 01:00:22
komsomolskiy,40.4272,71.7189,53.6,50.0,7.0,4.61,UZ,2021-04-17 01:04:55
san patricio,28.017,-97.5169,78.01,94.0,90.0,6.91,US,2021-04-17 01:04:56
bonavista,48.6499,-53.1147,33.01,86.0,43.0,5.75,CA,2021-04-17 01:04:56
shasta lake,40.6804,-122.3708,79.0,20.0,36.0,3.0,US,2021-04-17 01:04:57
russell,32.3502,-85.1999,60.8,82.0,1.0,0.43,US,2021-04-17 01:04:58
la rioja,42.25,-2.5,41.0,60.0,75.0,6.91,ES,2021-04-17 01:04:58
alofi,-19.0595,-169.9187,84.2,65.0,2.0,6.91,NU,2021-04-17 01:00:30
urubicha,-15.3833,-62.95,75.7,79.0,19.0,2.13,BO,2021-04-17 01:04:59
camana,-16.6228,-72.7111,68.14,84.0,6.0,7.81,PE,2021-04-17 01:05:00
cayenne,4.9333,-52.3333,81.0,78.0,40.0,3.44,GF,2021-04-17 01:05:00
petropavlovsk-kamchatskiy,53.0452,158.6483,39.2,38.0,0.0,13.42,RU,2021-04-17 01:05:01
pringsewu,-5.3582,104.9744,77.56,89.0,100.0,2.57,ID,2021-04-17 01:01:19
butaritari,3.0707,172.7902,82.13,74.0,49.0,8.97,KI,2021-04-17 01:05:03
saint-philippe,-21.3585,55.7679,77.0,78.0,0.0,5.75,RE,2021-04-17 01:05:04
avarua,-21.2078,-159.775,82.4,74.0,75.0,4.61,CK,2021-04-17 01:05:05
ingraj bazar,25.0,88.15,79.81,59.0,7.0,9.37,IN,2021-04-17 01:05:05
birobidzhan,48.8,132.95,43.52,65.0,100.0,9.19,RU,2021-04-17 01:05:06
port hardy,50.6996,-127.4199,66.2,45.0,1.0,9.22,CA,2021-04-17 01:00:09
puerto colombia,10.9878,-74.9547,80.6,78.0,40.0,5.75,CO,2021-04-17 01:05:07
bhadasar,28.2833,74.3167,70.86,46.0,6.0,6.04,IN,2021-04-17 01:03:15
mhango,-3.2833,32.85,62.17,97.0,96.0,3.76,TZ,2021-04-17 01:05:08
howard springs,-12.497,131.047,87.8,66.0,20.0,3.44,AU,2021-04-17 01:05:09
bogo,11.0517,124.0055,81.81,79.0,100.0,13.8,PH,2021-04-17 01:05:09
pasni,25.2631,63.471,79.21,78.0,0.0,6.42,PK,2021-04-17 01:02:09
arraial do cabo,-22.9661,-42.0278,75.45,75.0,13.0,18.59,BR,2021-04-17 01:05:11
grand gaube,-20.0064,57.6608,80.01,84.0,54.0,5.01,MU,2021-04-17 01:05:11
tasiilaq,65.6145,-37.6368,26.6,100.0,75.0,35.68,GL,2021-04-17 01:05:12
margate,51.3813,1.3862,42.01,79.0,0.0,7.0,GB,2021-04-17 01:05:13
susurluk,39.9136,28.1578,54.0,93.0,75.0,3.44,TR,2021-04-17 01:05:13
andenes,69.3143,16.1194,35.6,87.0,13.0,9.22,NO,2021-04-17 01:03:10
bilibino,68.0546,166.4372,22.48,77.0,100.0,11.7,RU,2021-04-17 01:01:14
puerto varas,-41.3195,-72.9854,51.8,93.0,0.0,4.61,CL,2021-04-17 01:05:15
atuona,-9.8,-139.0333,80.83,74.0,100.0,17.34,PF,2021-04-17 01:05:15
egersund,58.4513,5.9997,42.01,80.0,0.0,1.14,NO,2021-04-17 01:05:16
mbigou,-1.9005,11.906,67.8,97.0,100.0,2.19,GA,2021-04-17 01:05:17
chillicothe,39.3331,-82.9824,53.01,70.0,1.0,4.61,US,2021-04-17 01:04:25
sauteurs,12.2167,-61.6333,80.6,78.0,20.0,13.8,GD,2021-04-17 01:05:18
kahului,20.8947,-156.47,80.6,61.0,40.0,11.5,US,2021-04-17 01:01:11
aspe,38.3451,-0.7672,48.99,81.0,0.0,6.91,ES,2021-04-17 01:00:22
lucapa,-8.4192,20.7447,65.1,96.0,100.0,3.31,AO,2021-04-17 01:04:15
mataura,-46.1927,168.8643,55.0,65.0,66.0,8.01,NZ,2021-04-17 01:05:20
tilichiki,60.4667,166.1,26.02,79.0,100.0,14.65,RU,2021-04-17 01:05:21
qaanaaq,77.484,-69.3632,-1.86,90.0,100.0,9.1,GL,2021-04-17 01:05:21
mount isa,-20.7333,139.5,78.8,25.0,34.0,18.41,AU,2021-04-17 01:05:22
pitiquito,30.7,-112.0833,80.01,15.0,82.0,3.0,MX,2021-04-17 01:05:22
sorland,67.667,12.6934,40.62,83.0,0.0,13.44,NO,2021-04-17 01:05:23
sisimiut,66.9395,-53.6735,5.2,70.0,100.0,4.97,GL,2021-04-17 01:05:24
nishihara,26.1842,127.7558,75.2,88.0,75.0,11.5,JP,2021-04-17 01:05:25
chokurdakh,70.6333,147.9167,7.68,89.0,9.0,10.02,RU,2021-04-17 01:05:25
nieuw amsterdam,5.8833,-55.0833,80.6,78.0,20.0,8.05,SR,2021-04-17 01:05:26
new norfolk,-42.7826,147.0587,63.0,75.0,100.0,4.0,AU,2021-04-17 01:05:27
gravdal,68.1214,13.5031,39.34,85.0,0.0,11.48,NO,2021-04-17 01:05:27
kasempa,-13.4584,25.8338,56.32,78.0,4.0,5.88,ZM,2021-04-17 01:05:28
bethel,41.3712,-73.414,43.0,80.0,97.0,9.06,US,2021-04-17 01:05:29
kyaiklat,16.4333,95.7333,78.8,100.0,90.0,4.61,MM,2021-04-17 01:05:30
victoria,22.2855,114.1577,73.99,90.0,100.0,1.01,HK,2021-04-17 01:02:28
hilo,19.7297,-155.09,80.6,54.0,40.0,9.22,US,2021-04-17 01:01:42
portland,45.5234,-122.6762,77.0,14.0,1.0,14.97,US,2021-04-17 01:04:37
east london,-33.0153,27.9116,59.22,66.0,4.0,10.94,ZA,2021-04-17 01:05:31
huanren,41.2647,125.3667,45.93,33.0,100.0,9.28,CN,2021-04-17 01:05:17
sovetskiy,61.3614,63.5842,33.76,70.0,100.0,12.1,RU,2021-04-17 01:05:32
ilulissat,69.2167,-51.1,5.0,78.0,90.0,13.8,GL,2021-04-17 01:01:46
port alfred,-33.5906,26.891,61.95,62.0,2.0,20.24,ZA,2021-04-17 01:05:34
jamestown,42.097,-79.2353,37.99,93.0,90.0,8.05,US,2021-04-17 01:01:56
mpika,-11.8343,31.4529,57.49,89.0,98.0,8.99,ZM,2021-04-17 01:02:22
scarborough,54.2797,-0.4044,35.01,86.0,13.0,4.23,GB,2021-04-17 01:03:48
newton,42.337,-71.2092,37.0,93.0,90.0,14.97,US,2021-04-17 01:05:27
mar del plata,-38.0023,-57.5575,64.0,94.0,0.0,2.66,AR,2021-04-17 01:05:36
valencia,39.3333,-0.8333,46.99,93.0,0.0,5.75,ES,2021-04-17 01:05:37
hermanus,-34.4187,19.2345,57.99,78.0,0.0,4.0,ZA,2021-04-17 01:05:37
mahebourg,-20.4081,57.7,77.0,88.0,20.0,5.75,MU,2021-04-17 01:00:45
pevek,69.7008,170.3133,21.18,86.0,100.0,2.57,RU,2021-04-17 01:00:54
huarmey,-10.0681,-78.1522,68.54,83.0,100.0,8.41,PE,2021-04-17 01:05:39
shitanjing,39.2342,106.3439,39.96,23.0,0.0,7.25,CN,2021-04-17 01:05:40
lakes entrance,-37.8811,147.981,61.0,59.0,1.0,1.99,AU,2021-04-17 01:05:40
champerico,14.3,-91.9167,86.0,70.0,40.0,6.91,GT,2021-04-17 01:02:05
taltal,-25.4,-70.4833,62.2,85.0,22.0,2.46,CL,2021-04-17 01:05:41
dunnville,42.9001,-79.6163,44.01,75.0,100.0,13.8,CA,2021-04-17 01:05:42
staryy nadym,65.6118,72.6842,7.68,92.0,96.0,17.67,RU,2021-04-17 01:05:43
tadine,-21.55,167.8833,77.83,76.0,64.0,14.27,NC,2021-04-17 01:00:29
zharkent,44.1628,80.0,56.61,70.0,95.0,2.93,KZ,2021-04-17 01:05:44
owensboro,37.7742,-87.1133,59.0,47.0,1.0,3.44,US,2021-04-17 01:05:45
broken hill,-31.95,141.4333,57.2,47.0,0.0,10.36,AU,2021-04-17 01:05:45
nanortalik,60.1432,-45.2371,20.95,56.0,0.0,51.05,GL,2021-04-17 00:58:29
uniontown,39.9001,-79.7164,46.0,51.0,100.0,7.7,US,2021-04-17 01:03:04
ewa beach,21.3156,-158.0072,78.8,53.0,90.0,10.36,US,2021-04-17 01:05:47
chicama,-7.8447,-79.1469,66.2,88.0,100.0,10.36,PE,2021-04-17 01:05:47
sioux lookout,50.1001,-91.917,46.4,25.0,75.0,10.36,CA,2021-04-17 01:01:03
lorengau,-2.0226,147.2712,84.7,74.0,72.0,8.59,PG,2021-04-17 01:05:48
taoudenni,22.6783,-3.9836,79.92,15.0,70.0,10.27,ML,2021-04-17 01:00:36
santa cruz del sur,20.7147,-77.9956,77.29,72.0,0.0,4.05,CU,2021-04-17 01:05:49
jerome,42.7241,-114.5186,55.4,22.0,20.0,13.8,US,2021-04-17 01:05:50
bud,39.447,-86.1758,55.4,50.0,1.0,4.99,US,2021-04-17 01:05:51
tuktoyaktuk,69.4541,-133.0374,19.4,79.0,90.0,4.61,CA,2021-04-17 01:05:51
dahanu,19.9667,72.7333,79.14,72.0,0.0,2.46,IN,2021-04-17 01:05:52
padang,-0.9492,100.3543,73.4,100.0,75.0,1.14,ID,2021-04-17 01:05:53
northam,51.0333,-4.2167,37.99,76.0,7.0,3.0,GB,2021-04-17 01:05:53
aksarka,66.5606,67.7975,4.71,94.0,100.0,3.27,RU,2021-04-17 01:05:54
bosaso,11.2842,49.1816,79.93,67.0,4.0,8.72,SO,2021-04-17 01:05:55
caravelas,-17.7125,-39.2481,74.59,80.0,19.0,6.38,BR,2021-04-17 01:02:16
manta,-0.95,-80.7333,80.6,78.0,0.0,4.61,EC,2021-04-17 01:05:56
codrington,-38.2667,141.9667,60.78,58.0,100.0,7.83,AU,2021-04-17 01:00:34
dongli,23.5656,116.8194,69.8,78.0,75.0,6.71,CN,2021-04-17 01:05:57
nhulunbuy,-12.2333,136.7667,87.8,55.0,100.0,14.97,AU,2021-04-17 01:02:08
baraboo,43.4711,-89.7443,53.6,32.0,1.0,3.44,US,2021-04-17 01:05:01
marabba,12.35,32.1833,81.66,8.0,33.0,8.75,SD,2021-04-17 01:05:59
jacqueville,5.2052,-4.4146,84.2,84.0,20.0,9.22,CI,2021-04-17 01:01:40
ambovombe,-25.1667,46.0833,66.69,60.0,7.0,16.26,MG,2021-04-17 01:06:00
andros town,24.7,-77.7667,75.2,78.0,20.0,6.91,BS,2021-04-17 01:03:14
alta floresta,-9.8756,-56.0861,72.21,94.0,97.0,1.39,BR,2021-04-17 01:06:01
yarim,14.298,44.3779,55.26,51.0,0.0,3.53,YE,2021-04-17 01:06:02
hit,33.6416,42.8251,70.72,27.0,29.0,5.61,IQ,2021-04-17 01:06:02
yarada,17.65,83.2667,75.2,100.0,20.0,2.3,IN,2021-04-17 01:06:03
megion,61.0296,76.1136,17.6,73.0,0.0,11.18,RU,2021-04-17 01:06:04
nuuk,64.1835,-51.7216,12.2,79.0,75.0,4.61,GL,2021-04-17 01:01:38
esperance,-33.8667,121.9,57.2,82.0,64.0,8.05,AU,2021-04-17 01:06:05
salvador,13.8333,-88.9167,84.2,74.0,20.0,4.61,SV,2021-04-17 01:01:37
bredasdorp,-34.5322,20.0403,50.0,93.0,6.0,3.4,ZA,2021-04-17 01:06:06
brae,60.3964,-1.353,43.25,86.0,100.0,12.71,GB,2021-04-17 01:01:18
port-gentil,-0.7193,8.7815,82.06,78.0,100.0,8.46,GA,2021-04-17 01:06:07
bengkulu,-3.8004,102.2655,77.29,85.0,89.0,2.51,ID,2021-04-17 01:04:12
ahuimanu,21.4447,-157.8378,78.8,64.0,75.0,9.22,US,2021-04-17 01:06:08
clyde river,70.4692,-68.5914,10.4,85.0,82.0,21.85,CA,2021-04-17 01:06:09
caceres,39.522,-6.3748,45.21,53.0,6.0,7.09,ES,2021-04-17 01:06:10
nikolskoye,59.7035,30.7861,42.8,39.0,0.0,11.18,RU,2021-04-17 01:06:10
marovoay,-16.1,46.6333,75.2,94.0,20.0,1.14,MG,2021-04-17 01:06:11
norman wells,65.282,-126.8329,48.2,49.0,75.0,10.36,CA,2021-04-17 01:02:12
sinnamary,5.3833,-52.95,77.97,82.0,60.0,10.6,GF,2021-04-17 01:06:12
longyearbyen,78.2186,15.6401,14.0,62.0,20.0,11.5,SJ,2021-04-17 01:06:13
chuy,-33.6971,-53.4616,65.55,92.0,0.0,5.39,UY,2021-04-17 01:06:13
bambous virieux,-20.3428,57.7575,80.01,88.0,20.0,5.75,MU,2021-04-17 01:06:14
tiksi,71.6872,128.8694,2.71,98.0,100.0,9.13,RU,2021-04-17 01:06:15
grindavik,63.8424,-22.4338,39.2,75.0,75.0,26.46,IS,2021-04-17 01:06:16
ahipara,-35.1667,173.1667,65.89,56.0,1.0,15.19,NZ,2021-04-17 00:58:45
gat,31.61,34.7642,64.99,79.0,5.0,1.86,IL,2021-04-17 01:01:56
aklavik,68.2191,-135.0107,33.8,51.0,100.0,3.44,CA,2021-04-17 01:01:52
sumenep,-7.0167,113.8667,82.33,72.0,9.0,8.81,ID,2021-04-17 01:06:18
umm kaddadah,13.6017,26.6876,73.27,9.0,12.0,14.07,SD,2021-04-17 01:06:18
saumur,47.3333,-0.25,44.6,65.0,0.0,5.75,FR,2021-04-17 01:06:19
muros,42.7762,-9.0603,48.99,59.0,93.0,11.43,ES,2021-04-17 01:06:20
faanui,-16.4833,-151.75,82.13,72.0,35.0,6.58,PF,2021-04-17 01:06:21
talnakh,69.4865,88.3972,-10.05,96.0,100.0,3.44,RU,2021-04-17 01:01:27
ust-nera,64.5667,143.2,19.49,74.0,100.0,5.88,RU,2021-04-17 01:01:12
katobu,-4.9408,122.5276,84.56,63.0,5.0,3.27,ID,2021-04-17 01:06:22
benguela,-12.5763,13.4055,79.99,80.0,50.0,3.47,AO,2021-04-17 01:06:23
touros,-5.1989,-35.4608,78.8,83.0,40.0,4.61,BR,2021-04-17 01:00:32
akyab,20.15,92.9,80.8,63.0,55.0,6.82,MM,2021-04-17 01:06:24
veraval,20.9,70.3667,78.53,82.0,0.0,11.21,IN,2021-04-17 01:06:24
richards bay,-28.783,32.0377,63.54,74.0,99.0,5.88,ZA,2021-04-17 01:01:57
banugao,14.7333,121.6333,82.87,66.0,100.0,10.31,PH,2021-04-17 01:06:25
asau,46.4333,26.4,37.99,47.0,56.0,5.21,RO,2021-04-17 01:00:19
gunjur,13.2019,-16.7339,69.8,83.0,1.0,11.5,GM,2021-04-17 01:06:26
nemuro,43.3236,145.575,50.0,71.0,75.0,9.22,JP,2021-04-17 01:06:27
itoman,26.1247,127.6694,75.2,88.0,75.0,11.5,JP,2021-04-17 01:06:28
san andres,12.5847,-81.7006,82.4,78.0,75.0,11.5,CO,2021-04-17 01:00:11
sakakah,29.9697,40.2064,75.2,29.0,20.0,23.02,SA,2021-04-17 01:06:29
goiatuba,-18.0125,-49.3547,66.76,82.0,72.0,0.78,BR,2021-04-17 01:01:39
fakel,57.6325,53.0252,30.85,81.0,8.0,4.59,RU,2021-04-17 01:06:30
saldanha,-33.0117,17.9442,60.8,55.0,0.0,3.44,ZA,2021-04-17 01:00:57
palombara sabina,42.0667,12.768,46.99,63.0,100.0,5.41,IT,2021-04-17 01:06:31
meulaboh,4.1363,96.1285,77.04,84.0,100.0,2.77,ID,2021-04-17 01:06:32
trelew,-43.249,-65.3051,62.51,40.0,0.0,7.7,AR,2021-04-17 01:06:32
el prat de llobregat,41.3278,2.0947,50.0,87.0,20.0,8.05,ES,2021-04-17 01:06:33
bonthe,7.5264,-12.505,78.44,85.0,94.0,4.27,SL,2021-04-17 01:06:34
sao jose da coroa grande,-8.8978,-35.1478,77.2,85.0,88.0,7.2,BR,2021-04-17 01:06:34
krotoszyn,51.6987,17.4374,42.01,97.0,100.0,7.54,PL,2021-04-17 01:06:35
sokoni,-6.4333,39.55,79.16,82.0,89.0,12.03,TZ,2021-04-17 01:06:35
uruzgan,32.8333,66.0,54.32,49.0,0.0,3.4,AF,2021-04-17 01:06:36
saskylakh,71.9167,114.0833,4.33,94.0,100.0,14.9,RU,2021-04-17 01:06:37
kavieng,-2.5744,150.7967,80.01,78.0,100.0,5.28,PG,2021-04-17 01:06:37
grand-lahou,5.1367,-5.0242,80.83,84.0,73.0,8.46,CI,2021-04-17 01:06:38
cherskiy,68.75,161.3,21.25,81.0,92.0,12.24,RU,2021-04-17 01:06:39
bereda,43.2686,-7.5406,33.01,92.0,80.0,5.01,ES,2021-04-17 01:06:40
kieta,-6.2167,155.6333,81.63,79.0,100.0,7.11,PG,2021-04-17 01:06:40
burgeo,47.6167,-57.6152,37.49,74.0,10.0,13.58,CA,2021-04-17 01:06:41
thunder bay,48.4001,-89.3168,48.2,29.0,40.0,9.22,CA,2021-04-17 01:04:16
toma,12.7667,-2.8833,90.36,29.0,98.0,6.46,BF,2021-04-17 01:06:42
lagoa,39.05,-27.9833,61.45,96.0,100.0,12.5,PT,2021-04-17 01:06:42
southbridge,42.0751,-72.0334,37.99,98.0,100.0,12.64,US,2021-04-17 01:06:43
yarmouth,41.7057,-70.2286,41.0,87.0,90.0,12.66,US,2021-04-17 01:06:44
wewak,-3.5534,143.6268,77.41,91.0,100.0,3.6,PG,2021-04-17 01:06:44
dudinka,69.4058,86.1778,-17.52,99.0,100.0,3.0,RU,2021-04-17 00:57:04
dunedin,-45.8742,170.5036,57.0,49.0,61.0,5.99,NZ,2021-04-17 01:06:45
khandyga,62.6667,135.6,30.29,93.0,100.0,16.84,RU,2021-04-17 01:06:46
plettenberg bay,-34.0527,23.3716,59.47,48.0,0.0,5.77,ZA,2021-04-17 01:06:47
dosso,13.049,3.1937,86.47,10.0,26.0,4.79,NE,2021-04-17 01:06:47
geraldton,-28.7667,114.6,73.4,28.0,100.0,14.97,AU,2021-04-17 01:06:48
goure,13.9835,10.2704,76.32,9.0,18.0,3.47,NE,2021-04-17 01:06:49
egvekinot,66.3167,-179.1667,29.88,98.0,100.0,11.77,RU,2021-04-17 01:06:49
souillac,-20.5167,57.5167,77.0,88.0,20.0,5.75,MU,2021-04-17 01:02:20
agua verde,22.9,-106.05,78.01,69.0,75.0,8.05,MX,2021-04-17 01:06:51
baruun-urt,46.6806,113.2792,38.32,33.0,0.0,14.85,MN,2021-04-17 01:06:51
castro,-24.7911,-50.0119,59.36,89.0,100.0,3.24,BR,2021-04-17 01:06:52
tezu,27.9167,96.1667,78.58,36.0,49.0,2.06,IN,2021-04-17 01:06:53
matelandia,-25.2408,-53.9964,68.0,94.0,0.0,4.61,BR,2021-04-17 01:06:53
tchollire,8.4022,14.1698,85.26,34.0,87.0,4.25,CM,2021-04-17 01:06:54
aswan,24.0934,32.907,77.92,16.0,0.0,10.6,EG,2021-04-17 01:06:55
warri,5.5167,5.75,76.87,89.0,99.0,4.34,NG,2021-04-17 01:06:55
marrakesh,31.6315,-8.0083,60.8,77.0,40.0,5.75,MA,2021-04-17 01:06:15
turan,16.0678,108.2208,80.6,83.0,75.0,5.75,VN,2021-04-17 01:06:57
saint-pierre,-21.3393,55.4781,77.0,78.0,0.0,5.75,RE,2021-04-17 01:06:57
uturoa,-16.7333,-151.4333,81.77,74.0,60.0,7.25,PF,2021-04-17 01:06:58
clarence town,-32.5833,151.7833,60.01,100.0,90.0,9.22,AU,2021-04-17 01:06:59
elizabeth city,36.2946,-76.2511,55.0,65.0,99.0,7.2,US,2021-04-17 01:06:59
anadyr,64.75,177.4833,37.4,81.0,40.0,15.66,RU,2021-04-17 01:07:00
cabo san lucas,22.8909,-109.9124,77.0,61.0,40.0,8.05,MX,2021-04-17 00:58:10
kendari,-3.945,122.4989,83.91,65.0,31.0,3.78,ID,2021-04-17 01:07:01
arcata,40.8665,-124.0828,53.01,93.0,90.0,3.44,US,2021-04-17 01:07:01
necochea,-38.5473,-58.7368,60.78,90.0,0.0,6.78,AR,2021-04-17 01:07:02
baykit,61.67,96.37,2.07,83.0,100.0,11.72,RU,2021-04-17 01:07:03
viedma,-40.8135,-62.9967,59.43,62.0,43.0,8.57,AR,2021-04-17 01:07:04
yerbogachen,61.2767,108.0108,11.71,74.0,100.0,14.79,RU,2021-04-17 01:07:04
miraflores,19.2167,-98.8083,77.0,22.0,75.0,11.5,MX,2021-04-17 01:07:05
xining,36.6167,101.7667,38.68,30.0,100.0,0.85,CN,2021-04-17 01:07:06
zheleznodorozhnyy,55.7503,38.0042,48.99,53.0,0.0,8.95,RU,2021-04-17 01:07:06
hofn,64.2539,-15.2082,43.03,79.0,20.0,24.43,IS,2021-04-17 01:07:07
klaksvik,62.2266,-6.589,44.6,100.0,75.0,10.36,FO,2021-04-17 01:07:08
pahrump,36.2083,-115.9839,73.0,13.0,93.0,3.0,US,2021-04-17 01:07:09
waingapu,-9.6567,120.2641,82.2,76.0,28.0,9.95,ID,2021-04-17 01:07:09
vitim,59.4511,112.5578,26.83,94.0,100.0,7.92,RU,2021-04-17 01:07:10
amapa,1.0,-52.0,70.05,99.0,100.0,2.26,BR,2021-04-17 01:07:10
mormugao,15.4,73.8,80.6,83.0,40.0,4.61,IN,2021-04-17 01:07:11
constitucion,-35.3333,-72.4167,56.48,82.0,100.0,6.64,CL,2021-04-17 01:07:12
waipawa,-41.4122,175.5153,57.2,72.0,75.0,23.02,NZ,2021-04-17 01:07:12
kiunga,-6.1219,141.2906,82.89,76.0,100.0,1.95,PG,2021-04-17 01:07:13
ende,-8.8432,121.6623,83.43,66.0,14.0,2.01,ID,2021-04-17 01:07:00
ola,59.5833,151.2833,22.68,87.0,100.0,7.38,RU,2021-04-17 01:07:14
airai,-8.9266,125.4092,70.75,56.0,24.0,5.08,TL,2021-04-17 01:07:15
hambantota,6.1241,81.1185,77.0,100.0,75.0,3.44,LK,2021-04-17 01:01:59
labrea,-7.2586,-64.7981,74.48,96.0,100.0,0.83,BR,2021-04-17 01:07:16
sulangan,11.1373,123.7228,81.45,79.0,100.0,13.51,PH,2021-04-17 01:07:17
cidreira,-30.1811,-50.2056,70.84,78.0,100.0,4.12,BR,2021-04-17 01:07:17
belaya gora,68.5333,146.4167,20.32,74.0,0.0,11.34,RU,2021-04-17 01:07:18
namibe,-15.1961,12.1522,81.79,64.0,6.0,6.11,AO,2021-04-17 01:01:01
hailar,49.2,119.7,29.61,79.0,1.0,7.92,CN,2021-04-17 01:04:08
rio brilhante,-21.8019,-54.5464,66.33,91.0,43.0,2.1,BR,2021-04-17 01:07:20
digoin,46.4812,3.9795,33.01,80.0,0.0,3.44,FR,2021-04-17 01:07:21
naliya,23.2667,68.8333,77.76,81.0,0.0,8.21,IN,2021-04-17 01:07:21
hobyo,5.3505,48.5268,82.65,68.0,23.0,11.18,SO,2021-04-17 01:07:22
zhigansk,66.7697,123.3711,21.09,81.0,99.0,16.42,RU,2021-04-17 01:07:22
orlovskiy,46.8714,42.0592,50.97,96.0,100.0,5.39,RU,2021-04-17 01:07:23
jawhar,2.7809,45.5005,79.41,78.0,15.0,4.65,SO,2021-04-17 01:07:24
turek,52.0155,18.5005,39.99,94.0,100.0,4.0,PL,2021-04-17 01:07:24
lixourion,38.2019,20.4314,57.87,79.0,100.0,11.21,GR,2021-04-17 01:07:25
dicabisagan,17.0818,122.4157,82.49,64.0,100.0,6.29,PH,2021-04-17 01:07:26
guymon,36.6828,-101.4816,44.6,57.0,90.0,16.11,US,2021-04-17 01:07:01
fairbanks,64.8378,-147.7164,46.4,53.0,1.0,4.61,US,2021-04-17 01:04:23
upernavik,72.7868,-56.1549,-6.41,95.0,93.0,7.02,GL,2021-04-17 01:07:27
safford,32.834,-109.7076,73.4,8.0,1.0,9.22,US,2021-04-17 01:07:28
rawson,-43.3002,-65.1023,62.37,47.0,1.0,4.43,AR,2021-04-17 01:07:28
ambilobe,-13.2,49.05,73.26,95.0,12.0,2.3,MG,2021-04-17 01:07:29
shimoda,34.6667,138.95,64.4,68.0,75.0,9.22,JP,2021-04-17 01:07:30
assiniboia,49.6334,-105.9845,50.0,27.0,6.0,5.75,CA,2021-04-17 01:07:30
pundaguitan,6.3711,126.1689,82.81,74.0,100.0,9.42,PH,2021-04-17 01:07:31
jiuquan,39.7432,98.5174,47.57,13.0,58.0,1.95,CN,2021-04-17 01:07:31
banyuwangi,-8.2325,114.3576,83.21,67.0,36.0,2.86,ID,2021-04-17 01:07:32
jibuti,11.5,42.5,82.4,69.0,1.0,3.44,DJ,2021-04-17 01:07:33
leningradskiy,69.3833,178.4167,34.3,86.0,99.0,4.23,RU,2021-04-17 01:07:34
camacha,33.0833,-16.3333,62.6,67.0,75.0,10.36,PT,2021-04-17 01:07:01
morondava,-20.2833,44.2833,72.54,73.0,99.0,14.03,MG,2021-04-17 01:07:35
burnie,-41.0667,145.9167,59.0,71.0,81.0,8.99,AU,2021-04-17 00:59:33
wilmington,34.2257,-77.9447,62.01,55.0,1.0,6.91,US,2021-04-17 01:07:36
lavrentiya,65.5833,-171.0,33.57,89.0,100.0,9.84,RU,2021-04-17 01:07:37
rincon,32.296,-81.2354,59.0,67.0,40.0,3.44,US,2021-04-17 01:07:38
namatanai,-3.6667,152.4333,82.22,72.0,96.0,5.14,PG,2021-04-17 01:07:38
grandview,38.8858,-94.533,45.0,93.0,90.0,8.05,US,2021-04-17 01:03:11
praia,14.9215,-23.5087,69.8,73.0,20.0,17.27,CV,2021-04-17 01:07:39
winnemucca,40.973,-117.7357,57.2,19.0,75.0,17.27,US,2021-04-17 01:07:40
buerarema,-14.9594,-39.2997,77.0,83.0,40.0,5.75,BR,2021-04-17 01:07:40
stettler,52.3168,-112.7186,64.4,19.0,6.0,4.61,CA,2021-04-17 01:04:03
moranbah,-22.0016,148.0466,79.79,38.0,0.0,12.39,AU,2021-04-17 01:07:42
provideniya,64.3833,-173.3,33.85,86.0,26.0,7.85,RU,2021-04-17 01:07:42
port lincoln,-34.7333,135.8667,63.16,52.0,7.0,5.19,AU,2021-04-17 01:07:35
adrar,20.5022,-10.0711,71.19,23.0,0.0,11.32,MR,2021-04-17 01:01:04
bahia de caraquez,-0.6,-80.4167,80.6,78.0,0.0,4.61,EC,2021-04-17 01:07:44
vallenar,-28.5708,-70.7581,63.14,74.0,5.0,1.68,CL,2021-04-17 01:07:45
ngunguru,-35.6167,174.5,68.0,65.0,0.0,8.99,NZ,2021-04-17 01:07:45
acarau,-2.8856,-40.12,78.96,85.0,99.0,12.62,BR,2021-04-17 01:07:46
kenai,60.5544,-151.2583,51.8,49.0,1.0,8.05,US,2021-04-17 01:07:47
unguia,8.0434,-77.0945,74.91,95.0,100.0,3.04,CO,2021-04-17 01:07:47
dasoguz,41.8363,59.9666,57.2,44.0,0.0,6.91,TM,2021-04-17 01:07:48
shingu,33.7333,135.9833,59.0,94.0,75.0,9.22,JP,2021-04-17 01:07:49
rock sound,24.9,-76.2,75.42,71.0,0.0,10.49,BS,2021-04-17 01:07:50
bintulu,3.1667,113.0333,78.8,94.0,20.0,5.75,MY,2021-04-17 01:07:51
valdivia,-39.8142,-73.2459,51.8,93.0,100.0,2.71,CL,2021-04-17 01:01:44
ouahigouya,13.5828,-2.4216,85.41,15.0,55.0,7.96,BF,2021-04-17 01:07:52
ferrol,43.4832,-8.2369,48.99,75.0,0.0,2.3,ES,2021-04-17 01:07:52
central point,42.376,-122.9164,78.8,17.0,1.0,10.36,US,2021-04-17 01:03:00
atambua,-9.1061,124.8925,79.66,67.0,9.0,2.91,ID,2021-04-17 01:02:24
poum,-20.2333,164.0167,79.2,72.0,36.0,7.38,NC,2021-04-17 01:07:54
kalabo,-14.97,22.6814,61.7,60.0,10.0,5.88,ZM,2021-04-17 01:07:54
labuhan,-6.8844,112.2051,81.36,77.0,35.0,3.69,ID,2021-04-17 01:07:55
thinadhoo,0.5333,72.9333,81.54,65.0,76.0,4.21,MV,2021-04-17 01:07:56
ovalle,-30.5983,-71.2003,65.93,70.0,100.0,2.75,CL,2021-04-17 01:04:05
samarai,-10.6167,150.6667,83.93,75.0,26.0,11.32,PG,2021-04-17 01:07:57
ancud,-41.8697,-73.8203,54.0,100.0,90.0,1.14,CL,2021-04-17 01:07:57
quebo,11.3333,-14.9333,73.72,79.0,67.0,4.07,GW,2021-04-17 01:07:58
rameswaram,9.2833,79.3,84.54,74.0,92.0,13.47,IN,2021-04-17 01:07:59
dhidhdhoo,6.8833,73.1,83.88,67.0,37.0,0.83,MV,2021-04-17 01:08:00
leh,34.1667,77.5833,36.66,62.0,100.0,3.83,IN,2021-04-17 00:58:08
tongren,27.7172,109.1853,63.57,78.0,100.0,2.42,CN,2021-04-17 01:08:01
kabalo,-6.05,26.9167,67.33,97.0,51.0,3.65,CD,2021-04-17 01:08:01
puri,19.8,85.85,81.0,94.0,20.0,4.61,IN,2021-04-17 01:08:03
valparaiso,-33.0393,-71.6273,55.99,94.0,90.0,5.75,CL,2021-04-17 01:06:03
port blair,11.6667,92.75,83.01,71.0,83.0,8.99,IN,2021-04-17 01:02:26
kavaratti,10.5669,72.642,83.62,73.0,2.0,3.49,IN,2021-04-17 00:58:56
karratha,-20.7377,116.8463,85.91,39.0,0.0,19.6,AU,2021-04-17 01:01:18
sechura,-5.5569,-80.8222,72.72,69.0,93.0,15.59,PE,2021-04-17 01:08:05
gujranwala,32.1617,74.1883,64.4,88.0,75.0,11.5,PK,2021-04-17 01:08:06
oistins,13.0667,-59.5333,80.6,65.0,40.0,18.41,BB,2021-04-17 01:08:06
alizai,33.5383,70.3462,57.34,81.0,100.0,1.97,PK,2021-04-17 01:08:07
travesia,15.8667,-87.9,87.8,74.0,75.0,8.05,HN,2021-04-17 01:08:08
lompoc,34.6391,-120.4579,57.2,67.0,1.0,13.8,US,2021-04-17 00:57:01
kalakamati,-20.5929,27.3121,61.0,76.0,75.0,18.39,BW,2021-04-17 01:08:09
kaitangata,-46.2817,169.8464,55.99,52.0,58.0,8.01,NZ,2021-04-17 01:08:10
opuwo,-18.0607,13.84,72.34,44.0,100.0,4.97,NA,2021-04-17 01:08:11
halaszi,47.8893,17.3262,41.0,75.0,75.0,10.36,HU,2021-04-17 01:08:11
yantal,56.8471,105.2542,32.45,94.0,100.0,8.32,RU,2021-04-17 01:08:12
deputatskiy,69.3,139.9,7.05,83.0,96.0,4.54,RU,2021-04-17 01:08:12
ambunti,-4.2365,142.8448,77.67,95.0,100.0,1.97,PG,2021-04-17 01:08:13
shimanovsk,52.0,127.7,43.16,31.0,4.0,5.95,RU,2021-04-17 01:08:14
beringovskiy,63.05,179.3167,33.3,95.0,100.0,13.27,RU,2021-04-17 01:02:00
arrecife,28.963,-13.5477,66.2,77.0,20.0,18.41,ES,2021-04-17 01:06:02
torbat-e jam,35.244,60.6225,62.37,30.0,95.0,8.05,IR,2021-04-17 01:08:15
neiafu,-18.65,-173.9833,82.4,69.0,40.0,5.75,TO,2021-04-17 01:08:16
bilma,18.6853,12.9164,84.0,8.0,1.0,9.06,NE,2021-04-17 01:08:17
riyadh,24.6877,46.7219,69.8,17.0,0.0,6.91,SA,2021-04-17 01:08:17
kamien pomorski,53.9685,14.7726,41.0,81.0,20.0,5.75,PL,2021-04-17 01:08:18
dalian,38.9122,121.6022,51.8,35.0,0.0,20.13,CN,2021-04-17 01:08:18
youkounkoun,12.5333,-13.1333,85.12,41.0,46.0,9.55,GN,2021-04-17 01:08:19
jinchang,38.4953,102.1739,42.6,19.0,9.0,0.74,CN,2021-04-17 01:08:20
kodiak,57.79,-152.4072,46.4,61.0,40.0,9.22,US,2021-04-17 01:08:20
aban,56.67,96.06,27.28,79.0,100.0,11.39,RU,2021-04-17 01:08:21
palmer,42.1584,-72.3287,39.2,75.0,90.0,14.97,US,2021-04-17 01:08:06
ust-koksa,50.2696,85.6108,41.81,60.0,100.0,1.12,RU,2021-04-17 01:08:22
pearl,32.2746,-90.132,57.2,82.0,75.0,6.62,US,2021-04-17 01:08:23
coracora,-15.0333,-73.7833,51.17,85.0,100.0,0.45,PE,2021-04-17 01:08:23
waw,7.7029,27.9953,83.79,30.0,31.0,4.61,SS,2021-04-17 01:08:24
cockburn town,21.4612,-71.1419,76.82,71.0,39.0,9.44,TC,2021-04-17 01:08:24
la ronge,55.1001,-105.2842,51.8,25.0,47.0,6.91,CA,2021-04-17 01:08:25
itaueira,-7.6033,-43.0256,80.49,58.0,98.0,4.65,BR,2021-04-17 01:08:26
itacare,-14.2775,-38.9967,77.0,83.0,40.0,5.75,BR,2021-04-17 01:08:26
severomuysk,56.1481,113.4267,25.47,80.0,91.0,6.24,RU,2021-04-17 01:08:27
tabou,4.423,-7.3528,79.65,82.0,45.0,6.29,CI,2021-04-17 01:08:28
jiwani,25.05,61.7417,80.71,73.0,68.0,7.58,PK,2021-04-17 01:08:29
barahona,18.2085,-71.1008,78.8,89.0,20.0,13.8,DO,2021-04-17 01:01:29
wake forest,35.9799,-78.5097,59.0,50.0,1.0,4.61,US,2021-04-17 01:04:09
malokaterynivka,47.6525,35.2539,39.2,93.0,62.0,6.71,UA,2021-04-17 01:08:30
faya,18.3851,42.4509,64.4,25.0,0.0,7.11,SA,2021-04-17 01:08:31
katsuura,35.1333,140.3,62.01,75.0,100.0,16.98,JP,2021-04-17 01:08:31
port said,31.2565,32.2841,64.4,94.0,0.0,5.75,EG,2021-04-17 01:08:32
zhumadian,32.9794,114.0294,55.06,37.0,47.0,5.5,CN,2021-04-17 01:08:33
beruwala,6.4788,79.9828,78.89,83.0,100.0,5.91,LK,2021-04-17 01:08:34
sambava,-14.2667,50.1667,74.52,90.0,9.0,3.42,MG,2021-04-17 01:08:35
puerto baquerizo moreno,-0.9,-89.6,77.41,85.0,58.0,4.05,EC,2021-04-17 01:08:35
lebu,-37.6167,-73.65,53.37,86.0,89.0,10.78,CL,2021-04-17 01:08:36
imbituba,-28.24,-48.6703,75.2,78.0,75.0,5.75,BR,2021-04-17 01:08:37
san francisco,37.7749,-122.4194,59.0,67.0,20.0,23.02,US,2021-04-17 01:05:17
roald,62.5833,6.1333,37.99,65.0,0.0,9.22,NO,2021-04-17 01:08:38
morehead,37.2711,-87.1764,57.2,44.0,40.0,4.63,US,2021-04-17 01:08:38
bomet,-0.7813,35.3416,53.76,97.0,100.0,2.93,KE,2021-04-17 01:08:39
lahij,13.1667,44.5833,71.69,76.0,0.0,4.99,YE,2021-04-17 01:08:40
shakiso,5.75,38.9167,57.06,96.0,16.0,2.13,ET,2021-04-17 01:08:40
barranca,-10.75,-77.7667,67.35,83.0,100.0,6.2,PE,2021-04-17 01:08:41
zlobin,45.2924,14.6541,50.0,34.0,20.0,9.22,HR,2021-04-17 01:08:41
college,64.8569,-147.8028,46.4,53.0,20.0,4.61,US,2021-04-17 01:00:14
neuquen,-38.9516,-68.0591,51.8,66.0,0.0,2.3,AR,2021-04-17 01:07:13
polyarnyy,69.1989,33.4478,39.2,70.0,0.0,8.95,RU,2021-04-17 01:08:43
bandarbeyla,9.4942,50.8122,79.79,74.0,25.0,5.82,SO,2021-04-17 01:00:25
lufilufi,-13.8745,-171.5986,89.6,66.0,75.0,5.75,WS,2021-04-17 01:08:45
siderno,38.2779,16.302,54.0,76.0,93.0,5.75,IT,2021-04-17 01:05:11
domat,46.8348,9.4508,33.01,85.0,11.0,1.01,CH,2021-04-17 01:08:46
zemio,5.0314,25.1361,71.46,69.0,78.0,3.53,CF,2021-04-17 01:08:46
sabrum,23.0,91.7319,78.49,71.0,5.0,3.29,IN,2021-04-17 01:08:47
sanchez,19.2281,-69.6137,78.8,83.0,20.0,4.61,DO,2021-04-17 01:05:31
naze,28.3667,129.4833,71.6,94.0,75.0,17.27,JP,2021-04-17 01:08:48
maneadero,31.7167,-116.5667,62.01,77.0,0.0,4.0,MX,2021-04-17 01:08:07
los llanos de aridane,28.6585,-17.9182,68.0,77.0,40.0,16.11,ES,2021-04-17 00:59:25
noumea,-22.2763,166.4572,80.01,83.0,90.0,16.11,NC,2021-04-17 01:08:50
vyartsilya,62.1764,30.693,31.17,94.0,7.0,3.53,RU,2021-04-17 01:08:50
puga,21.5833,-104.8167,80.6,44.0,1.0,6.91,MX,2021-04-17 01:08:51
carman,49.4992,-98.0016,46.4,29.0,17.0,9.22,CA,2021-04-17 01:08:52
oranjemund,-28.55,16.4333,75.47,40.0,100.0,7.18,NA,2021-04-17 01:08:52
sept-iles,50.2001,-66.3821,32.0,80.0,20.0,10.36,CA,2021-04-17 01:08:53
sao filipe,14.8961,-24.4956,71.71,73.0,0.0,8.59,CV,2021-04-17 01:08:53
kastamonu,41.5,33.6667,45.57,86.0,100.0,0.89,TR,2021-04-17 01:04:32
flinders,-34.5833,150.8552,64.99,72.0,100.0,1.01,AU,2021-04-17 01:02:15
taga,46.95,24.05,32.0,93.0,0.0,4.61,RO,2021-04-17 01:08:55
wonthaggi,-38.6044,145.5913,61.0,66.0,100.0,10.27,AU,2021-04-17 01:08:56
beloha,-25.1667,45.05,66.2,58.0,94.0,15.99,MG,2021-04-17 01:07:22
te anau,-45.4167,167.7167,52.38,52.0,98.0,2.59,NZ,2021-04-17 01:08:57
abha,18.2164,42.5053,64.4,25.0,0.0,7.83,SA,2021-04-17 01:04:05
fenyi,27.8112,114.6681,68.65,73.0,95.0,0.34,CN,2021-04-17 01:08:58
half moon bay,37.4636,-122.4286,64.0,81.0,90.0,12.66,US,2021-04-17 01:08:58
bogorodsk,56.1033,43.5158,46.0,33.0,0.0,13.42,RU,2021-04-17 01:08:59
saint george,37.1041,-113.5841,61.0,29.0,75.0,19.57,US,2021-04-17 01:08:59
paamiut,61.994,-49.6678,12.47,65.0,56.0,14.34,GL,2021-04-17 01:09:00
carballo,43.213,-8.691,46.0,75.0,0.0,2.3,ES,2021-04-17 01:01:48
vostok,46.4856,135.8833,46.22,46.0,79.0,9.95,RU,2021-04-17 01:09:01
khuzdar,27.7384,66.6434,66.54,30.0,0.0,3.96,PK,2021-04-17 01:09:02
narsaq,60.9167,-46.05,17.6,38.0,8.0,19.57,GL,2021-04-17 01:09:02
mahibadhoo,3.7833,72.9667,82.44,73.0,21.0,5.53,MV,2021-04-17 01:09:03
eltham,-39.4292,174.3,55.0,92.0,36.0,7.61,NZ,2021-04-17 01:09:04
iberia,29.9502,-91.7507,68.0,94.0,90.0,8.05,US,2021-04-17 01:05:17
biak,-0.9131,122.8766,80.76,73.0,91.0,4.63,ID,2021-04-17 01:09:05
corinto,37.9407,22.9573,57.99,64.0,100.0,11.01,GR,2021-04-17 01:09:05
mikuni,36.2171,136.1519,55.4,94.0,90.0,4.61,JP,2021-04-17 01:09:06
porto novo,6.4965,2.6036,82.4,83.0,40.0,11.5,BJ,2021-04-17 01:09:07
cepu,-7.1475,111.5906,79.36,81.0,65.0,5.55,ID,2021-04-17 01:09:07
krasnoselkup,65.7,82.4667,6.21,94.0,100.0,12.62,RU,2021-04-17 01:07:41
garh maharaja,30.8339,71.9053,65.44,69.0,1.0,5.21,PK,2021-04-17 01:09:08
sadovoye,47.7764,44.5089,54.18,57.0,100.0,5.53,RU,2021-04-17 01:09:09
maumere,-8.6199,122.2111,83.21,64.0,55.0,3.18,ID,2021-04-17 01:00:17
vila franca do campo,37.7167,-25.4333,60.8,94.0,40.0,8.05,PT,2021-04-17 01:08:14
paka,4.6374,103.4368,77.0,94.0,20.0,1.07,MY,2021-04-17 01:09:11
guadalajara,20.6667,-103.3333,84.2,10.0,1.0,11.5,MX,2021-04-17 01:09:11
ranfurly,-45.1333,170.1,48.99,57.0,29.0,3.0,NZ,2021-04-17 01:09:12
haines junction,60.7522,-137.5108,51.8,30.0,99.0,6.91,CA,2021-04-17 01:00:23
tocopilla,-22.092,-70.1979,66.42,72.0,21.0,2.66,CL,2021-04-17 01:09:13
maniitsoq,65.4167,-52.9,7.16,88.0,100.0,8.52,GL,2021-04-17 01:09:14
biltine,14.5333,20.9167,78.44,8.0,7.0,12.1,TD,2021-04-17 01:09:14
maragogi,-9.0122,-35.2225,76.69,86.0,100.0,6.62,BR,2021-04-17 01:09:15
calbuco,-41.768,-73.1273,51.8,93.0,0.0,4.61,CL,2021-04-17 01:09:16
tiarei,-17.5333,-149.3333,87.8,66.0,20.0,13.8,PF,2021-04-17 01:09:17
iskateley,67.6803,53.1512,27.77,94.0,100.0,13.96,RU,2021-04-17 01:01:51
saint anthony,45.0205,-93.218,55.99,32.0,1.0,4.61,US,2021-04-17 01:09:18
pamekasan,-7.1568,113.4746,81.75,76.0,15.0,2.08,ID,2021-04-17 01:09:19
mykhaylivka,47.2724,35.2224,39.2,93.0,13.0,6.71,UA,2021-04-17 01:09:19
doha,25.2867,51.5333,71.6,46.0,0.0,4.61,QA,2021-04-17 01:09:20
praia da vitoria,38.7333,-27.0667,63.0,82.0,75.0,18.19,PT,2021-04-17 01:09:21
tautira,-17.7333,-149.15,87.8,66.0,20.0,13.8,PF,2021-04-17 01:09:21
murud,18.3258,72.965,78.69,73.0,0.0,7.31,IN,2021-04-17 01:09:22
pudozh,61.8099,36.5345,29.64,95.0,3.0,4.0,RU,2021-04-17 01:00:24
camaguey,21.3808,-77.9169,80.6,61.0,20.0,4.61,CU,2021-04-17 01:05:04
pacos de ferreira,41.2766,-8.3762,57.99,60.0,24.0,3.0,PT,2021-04-17 01:09:24
mikhaylovka,50.06,43.2379,50.88,75.0,63.0,4.5,RU,2021-04-17 01:09:25
canyon lake,29.8752,-98.2625,68.0,88.0,100.0,8.99,US,2021-04-17 01:09:25
lagos,6.5833,3.75,80.6,89.0,20.0,6.89,NG,2021-04-17 01:07:03
homer,59.6425,-151.5483,48.2,53.0,1.0,5.75,US,2021-04-17 01:09:26
nurota,40.5614,65.6886,48.2,66.0,85.0,4.61,UZ,2021-04-17 01:09:27
kununurra,-15.7667,128.7333,86.0,32.0,41.0,18.41,AU,2021-04-17 01:09:27
kwekwe,-18.9281,29.8149,61.52,70.0,100.0,14.79,ZW,2021-04-17 01:09:28
borogontsy,62.6683,131.1683,33.21,99.0,100.0,10.11,RU,2021-04-17 01:09:29
shestakovo,56.4915,103.96,32.9,94.0,100.0,4.47,RU,2021-04-17 01:09:29
xunchang,28.4543,104.715,59.61,89.0,100.0,1.19,CN,2021-04-17 01:08:15
khani,41.9563,42.9566,51.8,93.0,0.0,3.44,GE,2021-04-17 01:01:19
taksimo,56.3444,114.8794,31.42,73.0,93.0,2.06,RU,2021-04-17 01:09:31
saint-augustin,51.226,-58.6502,30.74,74.0,43.0,10.92,CA,2021-04-17 01:09:31
luang prabang,19.8856,102.1347,73.4,94.0,90.0,1.23,LA,2021-04-17 01:09:32
olafsvik,64.8945,-23.7142,38.32,75.0,90.0,30.04,IS,2021-04-17 01:09:33
malatya,38.5,38.0,44.6,81.0,0.0,5.75,TR,2021-04-17 01:09:33
baghdad,33.3406,44.4009,62.6,42.0,0.0,5.75,IQ,2021-04-17 01:05:16
twentynine palms,34.1356,-116.0542,79.0,8.0,1.0,4.61,US,2021-04-17 01:09:35
palasa,18.7667,84.4167,79.5,76.0,0.0,5.82,IN,2021-04-17 01:09:36
salalah,17.0151,54.0924,77.0,73.0,0.0,4.61,OM,2021-04-17 01:09:36
mildura,-34.2,142.15,60.8,41.0,40.0,8.05,AU,2021-04-17 01:09:37
marzuq,14.4,46.4667,65.7,47.0,10.0,2.13,YE,2021-04-17 01:09:38
banda aceh,5.5577,95.3222,81.5,74.0,100.0,7.61,ID,2021-04-17 01:08:01
zhanaozen,43.3,52.8,52.92,52.0,0.0,5.21,KZ,2021-04-17 01:09:39
los algarrobos,8.5,-82.4333,77.0,94.0,90.0,4.61,PA,2021-04-17 01:09:39
eresos,39.1667,25.9333,57.2,82.0,0.0,2.3,GR,2021-04-17 01:09:40
mehamn,71.0357,27.8492,39.2,91.0,100.0,34.4,NO,2021-04-17 01:09:41
piranshahr,36.701,45.1413,47.84,55.0,77.0,2.15,IR,2021-04-17 01:09:41
marsh harbour,26.5412,-77.0636,76.06,70.0,3.0,6.89,BS,2021-04-17 01:09:42
kualakapuas,-3.0091,114.3876,80.6,83.0,42.0,4.61,ID,2021-04-17 01:09:42
conakry,9.538,-13.6773,79.61,78.0,93.0,4.38,GN,2021-04-17 01:07:23
conde,-7.2597,-34.9075,75.2,100.0,20.0,6.96,BR,2021-04-17 01:09:43
udachnyy,66.4167,112.4,7.83,93.0,94.0,28.32,RU,2021-04-17 01:09:44
whitehorse,60.7161,-135.0538,51.8,46.0,20.0,6.91,CA,2021-04-17 01:09:45
calvinia,-31.4707,19.776,67.14,28.0,0.0,6.08,ZA,2021-04-17 01:09:46
ati,13.2154,18.3353,79.7,7.0,17.0,10.78,TD,2021-04-17 01:09:46
jiayuguan,39.8167,98.3,46.56,14.0,24.0,1.83,CN,2021-04-17 01:09:47
panaba,21.2833,-88.2667,83.88,51.0,0.0,14.43,MX,2021-04-17 01:09:48
nerchinskiy zavod,51.3088,119.61,41.7,28.0,4.0,10.45,RU,2021-04-17 01:09:48
bastia,42.6667,9.3333,54.0,93.0,0.0,4.61,FR,2021-04-17 01:09:49
melnikovo,56.5558,84.085,26.01,66.0,77.0,8.41,RU,2021-04-17 01:09:50
snellville,33.8573,-84.0199,62.01,44.0,1.0,8.05,US,2021-04-17 01:09:51
fukue,32.6881,128.8419,62.6,100.0,75.0,3.44,JP,2021-04-17 01:02:22
ulaangom,49.9811,92.0667,46.8,33.0,5.0,0.89,MN,2021-04-17 01:09:52
coralville,41.6764,-91.5805,51.8,58.0,20.0,6.91,US,2021-04-17 01:05:01
kushmurun,52.4503,64.6311,41.88,91.0,34.0,8.48,KZ,2021-04-17 01:09:53
kalat,29.0225,66.5916,52.59,37.0,0.0,5.55,PK,2021-04-17 01:06:11
moree,-29.4667,149.85,59.0,88.0,90.0,6.91,AU,2021-04-17 01:09:54
sydney,-33.8679,151.2073,64.0,68.0,100.0,1.99,AU,2021-04-17 01:06:20
